task,run_name,layer,weight_module_count,weight_max_abs_max,weight_p999_abs_mean,weight_top_0p1pct_abs_share_mean,activation_module_count,activation_max_abs_max,activation_ratio_abs_gt_6p0_mean,activation_ratio_abs_gt_8p0_mean,activation_max_abs_over_abs_mean_mean
dep,formal_e3_ms256_retry1,0,6,2.806293249130249,0.11743630717198054,0.005825043002302777,7,112.6024169921875,0.018336895533970422,0.0030137864370194697,82.27463303709807
dep,formal_e3_ms256_retry1,1,6,1.7162644863128662,0.1126825859149297,0.005550081581747276,7,93.62226867675781,0.00777508190699986,0.0009107809218149336,78.68544621683432
dep,formal_e3_ms256_retry1,2,6,1.5458303689956665,0.11118724445501964,0.005329886119789466,7,91.1944351196289,0.0022466674683586,0.0005769139244442894,75.27467115981607
dep,formal_e3_ms256_retry1,3,6,0.6138864159584045,0.11590954785545667,0.005184437347383194,7,81.84396362304688,0.0009974161783854166,0.0005486881922161769,67.78535498490882
dep,formal_e3_ms256_retry1,4,6,3.235551595687866,0.11574053267637889,0.0051467941813092555,7,81.53179931640625,0.0009446053277878534,0.0006183881608266679,74.16233638205244
dep,formal_e3_ms256_retry1,5,6,3.127681255340576,0.1162453293800354,0.005138616306978936,7,72.82990264892578,0.0008697767106313554,0.0002633609468974764,70.22131295538041
dep,formal_e3_ms256_retry1,6,6,3.6038098335266113,0.11548655852675438,0.005090052941108504,7,78.81559753417969,0.0009113448006766183,0.0003834156762985956,57.88179761463004
dep,formal_e3_ms256_retry1,7,6,2.8297109603881836,0.11357592418789864,0.0050554235431225164,7,67.80257415771484,0.0009633465418739924,0.0004206929888044085,97.69782423313707
dep,formal_e3_ms256_retry1,8,6,2.341597557067871,0.11262374371290207,0.005053331819266634,7,68.13021850585938,0.0007896680680532304,0.0005680069090828063,62.803437211771644
dep,formal_e3_ms256_retry1,9,6,2.746828079223633,0.11883969604969025,0.005329434233995046,7,65.34416961669922,0.0006839404030451699,0.000573003859747024,59.06470384927005
dep,formal_e3_ms256_retry1,10,6,4.286161422729492,0.1205938532948494,0.005412603119835367,7,63.65007400512695,0.0007179744659908235,0.0005902562822614397,52.327898732696944
dep,formal_e3_ms256_retry1,11,6,5.511744976043701,0.12101524944106738,0.0051276219497818154,7,73.95744323730469,0.0007766776614718966,0.0005914438338506789,63.13291443209569
dep,formal_e3_ms256_retry1,12,6,4.966220855712891,0.12177012115716934,0.0051744963952871995,7,74.02445983886719,0.0007115417056613499,0.0005692050570533389,59.702479647695554
dep,formal_e3_ms256_retry1,13,6,4.609590530395508,0.1195245732863744,0.005075109283498966,7,80.312744140625,0.0007386139460972378,0.0005775148906405009,60.85239579331402
dep,formal_e3_ms256_retry1,14,6,3.1580963134765625,0.11891901989777882,0.005052147546005856,7,75.33306121826172,0.0008202863118005177,0.0006886815267895894,54.54823523491529
dep,formal_e3_ms256_retry1,15,6,2.6500895023345947,0.11654619127511978,0.005075493846828304,7,56.15774917602539,0.0006466373564705017,0.000515497298467727,43.685621004548864
dep,formal_e3_ms256_retry1,16,6,1.258409857749939,0.11638424297173817,0.005010752620121024,7,64.74819946289062,0.0007171850355844651,0.0005699399917844742,49.56057144084063
dep,formal_e3_ms256_retry1,17,6,4.450798034667969,0.11518209055066109,0.005058099881848276,7,65.52111053466797,0.0007598006536090185,0.0006788783603244357,116.7946256434982
dep,formal_e3_ms256_retry1,18,6,5.438570022583008,0.11369164660573006,0.005002950575063239,7,61.02232360839844,0.0007218360900878905,0.0005529312860398065,101.34429769335476
dep,formal_e3_ms256_retry1,19,6,5.362122058868408,0.1135892781118552,0.0050013985642986675,7,92.27729034423828,0.0006133321731809586,0.0002666034395732577,69.60977861904334
dep,formal_e3_ms256_retry1,20,6,5.009181022644043,0.11901392787694931,0.00560000527831165,7,80.47119903564453,0.0002524368346683563,0.00019474937802269344,42.585044087405
dep,formal_e3_ms256_retry1,21,6,5.68190860748291,0.11749471475680669,0.005514012478435942,7,97.76701354980469,0.00023921557835170198,0.00010770237635052394,50.45546872047709
dep,formal_e3_ms256_retry1,22,6,6.9429216384887695,0.12872415160139403,0.00629626237407335,7,47.952720642089844,8.256170484754774e-05,5.280328175378224e-05,25.198985314337456
dep,formal_e3_ms256_retry1,23,6,1.2959280014038086,0.11785295605659485,0.00468761113966444,7,11.666792869567871,3.522615584116134e-05,6.743839808872767e-07,19.087844125942603
ner,formal_e3_ms256_tner,0,6,2.8074066638946533,0.11755084867278735,0.005826912431001385,7,113.27572631835938,0.02120635713849749,0.0028746758188520154,68.54895435940391
ner,formal_e3_ms256_tner,1,6,1.7163368463516235,0.1127106969555219,0.005550824463271624,7,93.41046142578125,0.009364687034061977,0.0010104097638811383,78.85991841929534
ner,formal_e3_ms256_tner,2,6,1.5463826656341553,0.11126181483268738,0.005330407942977726,7,90.55833435058594,0.0020661149706159322,0.0006018287794930594,68.89807580110815
ner,formal_e3_ms256_tner,3,6,0.612892210483551,0.11600235352913539,0.0051851935106567845,7,81.27835083007812,0.0008453137534005303,0.0005507149015154157,71.92780924709561
ner,formal_e3_ms256_tner,4,6,3.23616886138916,0.11583047360181808,0.005147952569629358,7,80.40559387207031,0.0008901412146432059,0.0006786217008318221,84.10255520175133
ner,formal_e3_ms256_tner,5,6,3.1297953128814697,0.11624461660782497,0.005138338129735556,7,68.39808654785156,0.0008319592475891114,0.0002720315115792411,70.56784099270395
ner,formal_e3_ms256_tner,6,6,3.6070501804351807,0.11549623310565948,0.005090029236778736,7,86.56148529052734,0.000993814127785819,0.00039976188114711214,73.30997261033107
ner,formal_e3_ms256_tner,7,6,2.831519365310669,0.11366202309727669,0.005054870855110783,7,68.85031127929688,0.0010116812161036898,0.0003617235592433384,133.59141756798422
ner,formal_e3_ms256_tner,8,6,2.3400793075561523,0.11266449342171352,0.005051725082536102,7,75.37740325927734,0.0007303425243922641,0.0005629549707685197,85.53039940196652
ner,formal_e3_ms256_tner,9,6,2.7472760677337646,0.11884446193774541,0.005329251981185127,7,71.02223205566406,0.0006484597069876535,0.000562239715031215,80.7584570418677
ner,formal_e3_ms256_tner,10,6,4.293209075927734,0.1206675556798776,0.005412737725791979,7,63.464664459228516,0.0006353030885968889,0.0005670145579746791,74.37269787859233
ner,formal_e3_ms256_tner,11,6,5.519632816314697,0.12109694629907608,0.0051281563204473,7,80.86109161376953,0.0006592634746006556,0.0005682158470153809,86.948181337415
ner,formal_e3_ms256_tner,12,6,4.975360870361328,0.12184636170665424,0.005174711879272079,7,79.72602844238281,0.0006485353197370256,0.0005653647014072963,72.4390825070505
ner,formal_e3_ms256_tner,13,6,4.615163326263428,0.11967350418368976,0.005076539197105582,7,82.9225845336914,0.0007104403632027762,0.0005748707907540458,61.82230826810791
ner,formal_e3_ms256_tner,14,6,3.1557836532592773,0.11903486276666324,0.005052910332240126,7,76.57715606689453,0.0008453484943934849,0.0006543053899492535,54.71906287014595
ner,formal_e3_ms256_tner,15,6,2.6489365100860596,0.11672294264038403,0.005075776895486161,7,47.54962921142578,0.0005835410526820592,0.0003688621520996094,42.76942946244791
ner,formal_e3_ms256_tner,16,6,1.2594863176345825,0.11638576413194339,0.005010941851007335,7,63.23442840576172,0.0007151300566537039,0.0005237180846078055,45.04155260070603
ner,formal_e3_ms256_tner,17,6,4.455631732940674,0.11525019506613414,0.005059435661888165,7,55.367225646972656,0.0006718754768371581,0.000562704290662493,79.50842898453338
ner,formal_e3_ms256_tner,18,6,5.443109035491943,0.11374516536792119,0.005003218331949353,7,48.415775299072266,0.0006110361644199915,0.0003927963120596749,87.20965058046764
ner,formal_e3_ms256_tner,19,6,5.364895343780518,0.11368582397699356,0.005001611305085801,7,88.56568145751953,0.000359809398651123,0.0001508300645010812,57.94499887124717
ner,formal_e3_ms256_tner,20,6,5.015675067901611,0.11918284371495247,0.0056008581573426365,7,77.04229736328125,0.0001336043221609933,7.505144391741071e-05,37.191394846654376
ner,formal_e3_ms256_tner,21,6,5.687290668487549,0.11754801000157993,0.005514719466811031,7,68.22381591796875,0.00014515910829816548,8.442027228219169e-05,77.39002863425681
ner,formal_e3_ms256_tner,22,6,6.944497585296631,0.12892652799685797,0.006298385073860095,7,49.113426208496094,5.495071411132813e-05,3.609997885567802e-05,51.38171545260888
ner,formal_e3_ms256_tner,23,6,1.3010631799697876,0.11790451531608899,0.00468680855305844,7,18.12515640258789,5.067927496773856e-05,2.8156893593924384e-05,19.355425959176866
semeval,formal_e10_ms256,0,6,2.807807207107544,0.11759347344438235,0.005826205327887792,7,112.32719421386719,0.01960062676052045,0.002775744970944147,67.62814974334562
semeval,formal_e10_ms256,1,6,1.7175002098083496,0.11276875684658687,0.005550806529545881,7,92.61822509765625,0.00535907258001631,0.0007671301927023787,75.74429017866883
semeval,formal_e10_ms256,2,6,1.5459328889846802,0.11129519591728847,0.005330058187190733,7,89.9694595336914,0.0011523210213159434,0.0005831076016132563,82.57010355416033
semeval,formal_e10_ms256,3,6,0.6129252910614014,0.11605444798866908,0.005185281859279251,7,80.69282531738281,0.000654925591161996,0.0005518656297566306,74.82172437607355
semeval,formal_e10_ms256,4,6,3.236762046813965,0.11590892945726712,0.005148235024733814,7,78.2566146850586,0.0008239203352269119,0.0006951687643336918,81.69162108841475
semeval,formal_e10_ms256,5,6,3.13091778755188,0.11637427285313606,0.005139189601732754,7,66.5551986694336,0.0007671185625277882,0.0002693160762631796,69.48892988753113
semeval,formal_e10_ms256,6,6,3.6082699298858643,0.11563577502965927,0.005089757421398864,7,84.11333465576172,0.0010538898693975255,0.0004136958327166018,72.4861193868975
semeval,formal_e10_ms256,7,6,2.8339340686798096,0.11375089113910992,0.0050540368542787446,7,66.2763900756836,0.0009542912694773745,0.0003551246120262367,116.68685474994133
semeval,formal_e10_ms256,8,6,2.3393678665161133,0.11268919457991917,0.005052336704308134,7,72.4850845336914,0.0006770899348419579,0.0005456202260016288,68.14036463985997
semeval,formal_e10_ms256,9,6,2.747281551361084,0.1189146414399147,0.005328989362594575,7,67.74235534667969,0.0006309596780562097,0.0005627481502661443,71.19303670503187
semeval,formal_e10_ms256,10,6,4.295158863067627,0.12068633611003558,0.005412572779996633,7,62.8317756652832,0.0007007767237575766,0.0005834481995834014,68.86663909323066
semeval,formal_e10_ms256,11,6,5.5221357345581055,0.12117162471016248,0.0051286472960232095,7,81.03578186035156,0.0007444264304485609,0.0006017380336712739,74.37569341781446
semeval,formal_e10_ms256,12,6,4.977874279022217,0.12196217601497968,0.00517510432486635,7,79.02835845947266,0.000711204006004555,0.0005896099768449205,64.61363173053915
semeval,formal_e10_ms256,13,6,4.617459774017334,0.11967452491323154,0.005075884441856196,7,82.46220397949219,0.0007862917360666875,0.0006028141017297972,56.83660198917835
semeval,formal_e10_ms256,14,6,3.1577348709106445,0.1190728930135568,0.005052600368420732,7,75.46985626220703,0.0007372849494322668,0.0006066908265932372,48.86714809628371
semeval,formal_e10_ms256,15,6,2.648373603820801,0.11673384283979733,0.0050761008765289875,7,47.975196838378906,0.0004959411045123199,0.00026335699633023464,36.65850694516245
semeval,formal_e10_ms256,16,6,1.2595657110214233,0.11650299032529195,0.005010722557670989,7,60.93766784667969,0.0006576210225777621,0.00034649945302292034,38.85421113550927
semeval,formal_e10_ms256,17,6,4.458637237548828,0.11535288393497467,0.005059324397460807,7,50.98367691040039,0.000485355430363778,0.0003118110727626964,37.5567620550975
semeval,formal_e10_ms256,18,6,5.446828365325928,0.11380936950445175,0.0050037263610610075,7,41.61482238769531,0.0003240426935246874,0.00018003122593329205,30.576276522203578
semeval,formal_e10_ms256,19,6,5.368412971496582,0.1137256237367789,0.005001501995875659,7,32.306785583496094,5.5784409331389286e-05,1.5529052167265533e-05,22.9952507457054
semeval,formal_e10_ms256,20,6,5.018165111541748,0.11917138720552127,0.005595531916350419,7,28.221637725830078,6.337337516049198e-05,4.436025497666912e-05,19.903919695994496
semeval,formal_e10_ms256,21,6,5.689544200897217,0.11764577279488246,0.005512850413628516,7,61.303401947021484,7.393800423120373e-05,4.2482812507088876e-05,21.221114203031956
semeval,formal_e10_ms256,22,6,6.950843811035156,0.12891937916477522,0.006296788842002215,7,34.746673583984375,4.240361655630716e-05,3.3108891787290846e-05,16.307960262703066
semeval,formal_e10_ms256,23,6,1.3004435300827026,0.11803606525063515,0.004687172142296309,7,10.067569732666016,2.540805475498603e-05,5.5298711087784e-06,11.605430605245475
