phase	budget	seed	strategy	major	f1_micro	acc	measured_bop	delta_major_vs_uniform	delta_f1_vs_uniform	bop_error_vs_uniform	relative_bop_error_vs_uniform	within_2pct_uniform_bop	probing_minus_major	probing_minus_f1	run_name
pilot	low	20260806	uniform	0.9486950303725705	0.9006923456155017	0.9966977151296394	0.0032442153027602495	0.0	0.0	0.0	0.0	True	-0.010269994974681396	-0.019948387004748325	ptq_oa_w4a4_dualout8_boundaryrefine_w0p055_a0p275_fixedseed20260806_cal16_ms256_dep_e3_retry1
pilot	low	20260806	probing	0.9384250353978891	0.8807439586107534	0.9961061121850249	0.0029974940997882257	-0.010269994974681396	-0.019948387004748325	-0.00024672120297202383	-0.07604957746241688	False	0.0	0.0	ptq_pgfloor50_w4a4_out8_w0p055_a0p275_probing_fixedseed20260806_cal16_dep_e3_retry1
pilot	low	20260806	inverse	0.8832950238413404	0.7732694587597687	0.993320588922912	0.003905204469640863	-0.06540000653123013	-0.127422886855733	0.0006609891668806133	0.2037439273275819	False	0.05513001155654873	0.10747449985098467	ptq_pgfloor50_w4a4_out8_w0p055_a0p275_inverse_fixedseed20260806_cal16_dep_e3_retry1
pilot	low	20260806	early	0.834420890621728	0.6775996431476476	0.9912421380958083	0.0031065547364071897	-0.11427413975084255	-0.22309270246785406	-0.0001376605663530599	-0.04243262345625929	False	0.10400414477616116	0.20314431546310574	ptq_pgfloor50_w4a4_out8_w0p055_a0p275_early_fixedseed20260806_cal16_dep_e3_retry1
pilot	low	20260806	late	0.783575188605291	0.5783559072012874	0.9887944700092945	0.004142512016990983	-0.16511984176727956	-0.32233643841421433	0.0008982967142307338	0.27689183065823136	False	0.15484984679259817	0.302388051409466	ptq_pgfloor50_w4a4_out8_w0p055_a0p275_late_fixedseed20260806_cal16_dep_e3_retry1
pilot	low	20260806	random_s29	0.8077615696352923	0.6253465992497146	0.9901765400208701	0.003951898313913356	-0.1409334607372782	-0.2753457463657871	0.0007076830111531064	0.21813688214558208	False	0.1306634657625968	0.2553973593610388	ptq_pgfloor50_w4a4_out8_w0p055_a0p275_random_s29_fixedseed20260806_cal16_dep_e3_retry1
pilot	low	20260807	uniform	0.9217342531542783	0.848257639061406	0.9952108672471504	0.0031332340163658075	0.0	0.0	0.0	0.0	True	0.01851638267545397	0.03603844473917639	ptq_oa_w4a4_dualout8_boundaryrefine_w0p055_a0p275_fixedseed20260807_cal16_ms256_dep_e3_retry1
pilot	low	20260807	probing	0.9402506358297322	0.8842960838005824	0.996205187858882	0.0029182775296052316	0.01851638267545397	0.03603844473917639	-0.00021495648676057594	-0.06860530864844269	False	0.0	0.0	ptq_pgfloor50_w4a4_out8_w0p055_a0p275_probing_fixedseed20260807_cal16_dep_e3_retry1
pilot	low	20260807	inverse	0.8768844312565574	0.7607397984147177	0.9930290640983971	0.0038027521207829843	-0.04484982189772091	-0.08751784064668833	0.0006695181044171768	0.21368276385360485	False	0.06336620457317488	0.12355628538586472	ptq_pgfloor50_w4a4_out8_w0p055_a0p275_inverse_fixedseed20260807_cal16_dep_e3_retry1
pilot	low	20260807	early	0.8307189581004584	0.6703554396226912	0.9910824765782256	0.003011093701750697	-0.09101529505381989	-0.17790219943871488	-0.00012214031461511062	-0.03898218708757011	False	0.10953167772927386	0.21394064417789127	ptq_pgfloor50_w4a4_out8_w0p055_a0p275_early_fixedseed20260807_cal16_dep_e3_retry1
pilot	low	20260807	late	0.8877665851791766	0.7822104431115451	0.9933227272468081	0.0037055173906204593	-0.033967667975101645	-0.06604719594986097	0.0005722833742546518	0.1826494195024842	False	0.052484050650555614	0.10208564068903736	ptq_pgfloor50_w4a4_out8_w0p055_a0p275_late_fixedseed20260807_cal16_dep_e3_retry1
pilot	low	20260807	random_s29	0.8375625100626074	0.6837873702287097	0.9913376498965051	0.003585707238257467	-0.08417174309167086	-0.16447026883269633	0.00045247322189165967	0.14441092479152795	False	0.10268812576712483	0.20050871357187272	ptq_pgfloor50_w4a4_out8_w0p055_a0p275_random_s29_fixedseed20260807_cal16_dep_e3_retry1
pilot	low	20260808	uniform	0.9371326499538031	0.8782190607916749	0.9960462391159314	0.0034927267939841547	0.0	0.0	0.0	0.0	True	-0.00044291919855543593	-0.00085518908793214	ptq_oa_w4a4_dualout8_boundaryrefine_w0p055_a0p275_fixedseed20260808_cal16_ms256_dep_e3_retry1
pilot	low	20260808	probing	0.9366897307552476	0.8773638717037427	0.9960155898067525	0.003232302857796207	-0.00044291919855543593	-0.00085518908793214	-0.00026042393618794756	-0.07456178268409075	False	0.0	0.0	ptq_pgfloor50_w4a4_out8_w0p055_a0p275_probing_fixedseed20260808_cal16_dep_e3_retry1
pilot	low	20260808	inverse	0.8619887536095396	0.7316020574582863	0.9923754497607928	0.004111454718373275	-0.07514389634426344	-0.14661700333338856	0.0006187279243891207	0.17714752996278232	False	0.074700977145708	0.14576181424545642	ptq_pgfloor50_w4a4_out8_w0p055_a0p275_inverse_fixedseed20260808_cal16_dep_e3_retry1
pilot	low	20260808	early	0.7905153420915345	0.5914357682619648	0.9895949159211044	0.003279407693600652	-0.14661730786226856	-0.28678329252971013	-0.00021331910038350273	-0.06107523232304395	False	0.14617438866371313	0.285928103441778	ptq_pgfloor50_w4a4_out8_w0p055_a0p275_early_fixedseed20260808_cal16_dep_e3_retry1
pilot	low	20260808	late	0.7032096684152251	0.4209870247606097	0.9854323120698405	0.004943783067092703	-0.23392298153857793	-0.4572320360310652	0.0014510562731085484	0.415450837897724	False	0.2334800623400225	0.4563768469431331	ptq_pgfloor50_w4a4_out8_w0p055_a0p275_late_fixedseed20260808_cal16_dep_e3_retry1
pilot	low	20260808	random_s29	0.7956655326892039	0.6015985839533147	0.9897324814250931	0.004437552248847934	-0.14146711726459915	-0.2766204768383602	0.0009448254548637789	0.2705122703817369	False	0.14102419806604372	0.2757652877504281	ptq_pgfloor50_w4a4_out8_w0p055_a0p275_random_s29_fixedseed20260808_cal16_dep_e3_retry1
pilot	low	20260809	uniform	0.9370448236667611	0.8780626531326566	0.9960269942008656	0.0032756907442583268	0.0	0.0	0.0	0.0	True	-0.013626340379754853	-0.026509969592897198	ptq_oa_w4a4_dualout8_boundaryrefine_w0p055_a0p275_fixedseed20260809_cal16_ms256_dep_e3_retry1
pilot	low	20260809	probing	0.9234184832870063	0.8515526835397594	0.9952842830342531	0.0029578223420333276	-0.013626340379754853	-0.026509969592897198	-0.0003178684022249992	-0.09703858729098987	False	0.0	0.0	ptq_pgfloor50_w4a4_out8_w0p055_a0p275_probing_fixedseed20260809_cal16_dep_e3_retry1
pilot	low	20260809	inverse	0.7888038292543254	0.5881567230632235	0.9894509354454272	0.003947187766824212	-0.14824099441243577	-0.2899059300694331	0.0006714970225658854	0.20499402263259867	False	0.1346146540326809	0.2633959604765359	ptq_pgfloor50_w4a4_out8_w0p055_a0p275_inverse_fixedseed20260809_cal16_dep_e3_retry1
pilot	low	20260809	early	0.7260787993023536	0.46465325067945157	0.9875043479252557	0.003123053919659288	-0.21096602436440748	-0.41340940245320507	-0.00015263682459903862	-0.04659683606170162	False	0.19733968398465263	0.38689943286030787	ptq_pgfloor50_w4a4_out8_w0p055_a0p275_early_fixedseed20260809_cal16_dep_e3_retry1
pilot	low	20260809	late	0.7732318466216554	0.5579985251140306	0.9884651681292802	0.004029316120387504	-0.16381297704510567	-0.32006412801862605	0.0007536253761291768	0.23006609444134526	False	0.15018663666535081	0.29355415842572885	ptq_pgfloor50_w4a4_out8_w0p055_a0p275_late_fixedseed20260809_cal16_dep_e3_retry1
pilot	low	20260809	random_s29	0.7229418994729879	0.45879998805363914	0.9870838108923368	0.004109058995533743	-0.2141029241937732	-0.4192626650790175	0.000833368251275416	0.2544099294892702	False	0.20047658381401834	0.3927526954861203	ptq_pgfloor50_w4a4_out8_w0p055_a0p275_random_s29_fixedseed20260809_cal16_dep_e3_retry1
pilot	boundary	20260806	uniform	0.9677406292274116	0.9376402528153501	0.9978410056394729	0.004165898948076782	0.0	0.0	0.0	0.0	True	-0.004274142698527772	-0.00828598433245531	ptq_oa_w4a4_dualout8_boundaryrefine_w0p070_a0p350_fixedseed20260806_cal16_ms256_dep_e3_retry1
pilot	boundary	20260806	probing	0.9634664865288838	0.9293542684828948	0.9975787045748727	0.003820626906059084	-0.004274142698527772	-0.00828598433245531	-0.00034527204201769855	-0.08288056103163421	False	0.0	0.0	ptq_pgfloor50_w4a4_out8_w0p070_a0p350_probing_fixedseed20260806_cal16_dep_e3_retry1
pilot	boundary	20260806	inverse	0.9521877545391277	0.9074639615589962	0.9969115475192591	0.0046450603614954416	-0.015552874688283813	-0.030176291256353904	0.0004791614134186592	0.11501993192606545	False	0.011278731989756041	0.021890306923898595	ptq_pgfloor50_w4a4_out8_w0p070_a0p350_inverse_fixedseed20260806_cal16_dep_e3_retry1
pilot	boundary	20260806	early	0.9491478561588179	0.9015488157383839	0.996746896579252	0.00403262185021439	-0.018592773068593638	-0.03609143707696627	-0.00013327709786239202	-0.0319923981650876	False	0.014318630370065866	0.02780545274451096	ptq_pgfloor50_w4a4_out8_w0p070_a0p350_early_fixedseed20260806_cal16_dep_e3_retry1
pilot	boundary	20260806	late	0.9616421042848531	0.925840931174926	0.9974432773947802	0.004624015507077447	-0.00609852494255847	-0.011799321640424076	0.00045811655900066493	0.10996823607835178	False	0.0018243822440306978	0.003513337307968767	ptq_pgfloor50_w4a4_out8_w0p070_a0p350_late_fixedseed20260806_cal16_dep_e3_retry1
pilot	boundary	20260806	random_s29	0.9606153814890401	0.9238216987656391	0.997409064212441	0.004038566659701059	-0.007125247738371421	-0.013818554049710996	-0.00012733228837572344	-0.030565380956853818	False	0.002851105039843649	0.0055325697172556865	ptq_pgfloor50_w4a4_out8_w0p070_a0p350_random_s29_fixedseed20260806_cal16_dep_e3_retry1
pilot	boundary	20260807	uniform	0.9693078842858618	0.9406671339628088	0.9979486346089148	0.004029763350520038	0.0	0.0	0.0	0.0	True	-0.005216033834466893	-0.01010205301428746	ptq_oa_w4a4_dualout8_boundaryrefine_w0p070_a0p350_fixedseed20260807_cal16_ms256_dep_e3_retry1
pilot	boundary	20260807	probing	0.9640918504513949	0.9305650809485213	0.9976186199542684	0.003780501522926315	-0.005216033834466893	-0.01010205301428746	-0.0002492618275937229	-0.061855202380942755	False	0.0	0.0	ptq_pgfloor50_w4a4_out8_w0p070_a0p350_probing_fixedseed20260807_cal16_dep_e3_retry1
pilot	boundary	20260807	inverse	0.9279105157713122	0.8602666069228184	0.995554424619806	0.004468073528822441	-0.04139736851454956	-0.08040052703999034	0.00043831017830240314	0.1087682179267027	False	0.036181334680082666	0.07029847402570288	ptq_pgfloor50_w4a4_out8_w0p070_a0p350_inverse_fixedseed20260807_cal16_dep_e3_retry1
pilot	boundary	20260807	early	0.9301058675836493	0.8645340005361452	0.9956777346311534	0.003950151873430825	-0.03920201670221246	-0.07613313342666361	-7.961147708921302e-05	-0.01975586905839997	True	0.03398598286774557	0.06603108041237615	ptq_pgfloor50_w4a4_out8_w0p070_a0p350_early_fixedseed20260807_cal16_dep_e3_retry1
pilot	boundary	20260807	late	0.9639749576894852	0.930352678663664	0.9975972367153064	0.004479382767873327	-0.00533292659637663	-0.010314455299144765	0.00044961941735328914	0.11157464551740144	False	0.00011689276190973708	0.00021240228485730483	ptq_pgfloor50_w4a4_out8_w0p070_a0p350_late_fixedseed20260807_cal16_dep_e3_retry1
pilot	boundary	20260807	random_s29	0.9510568928723816	0.9052649623931258	0.9968488233516374	0.0038803591651598553	-0.01825099141348019	-0.03540217156968295	-0.00014940418536018261	-0.03707517597550787	False	0.013034957579013295	0.02530011855539549	ptq_pgfloor50_w4a4_out8_w0p070_a0p350_random_s29_fixedseed20260807_cal16_dep_e3_retry1
pilot	boundary	20260808	uniform	0.9677485513329158	0.93764968205467	0.9978474206111615	0.004395714934098577	0.0	0.0	0.0	0.0	True	-0.004784162477314946	-0.009271810707690453	ptq_oa_w4a4_dualout8_boundaryrefine_w0p070_a0p350_fixedseed20260808_cal16_ms256_dep_e3_retry1
pilot	boundary	20260808	probing	0.9629643888556009	0.9283778713469796	0.9975509063642222	0.0041148371941240065	-0.004784162477314946	-0.009271810707690453	-0.0002808777399745709	-0.06389807896679953	False	0.0	0.0	ptq_pgfloor50_w4a4_out8_w0p070_a0p350_probing_fixedseed20260808_cal16_dep_e3_retry1
pilot	boundary	20260808	inverse	0.932647031076969	0.8694801875680601	0.9958138745858779	0.004851290981710017	-0.035101520255946816	-0.06816949448660992	0.00045557604761144004	0.10364094452018062	False	0.03031735777863187	0.05889768377891946	ptq_pgfloor50_w4a4_out8_w0p070_a0p350_inverse_fixedseed20260808_cal16_dep_e3_retry1
pilot	boundary	20260808	early	0.9423998903200141	0.8884370695874598	0.9963627110525686	0.004247207222237837	-0.025348661012901674	-0.049212612467210204	-0.00014850771186074047	-0.03378465484845976	False	0.020564498535586728	0.03994080175951975	ptq_pgfloor50_w4a4_out8_w0p070_a0p350_early_fixedseed20260808_cal16_dep_e3_retry1
pilot	boundary	20260808	late	0.9610425913635847	0.9246768312893603	0.997408351437809	0.004887125956278889	-0.006705959969331099	-0.01297285076530974	0.000491411022180312	0.11179319622578869	False	0.001921797492016153	0.003701040057619287	ptq_pgfloor50_w4a4_out8_w0p070_a0p350_late_fixedseed20260808_cal16_dep_e3_retry1
pilot	boundary	20260808	random_s29	0.953696233588103	0.9103918228279386	0.9970006443482674	0.0043154173583828835	-0.014052317744812859	-0.027257859226731407	-8.029757571569388e-05	-0.018267239099789435	True	0.009268155267497913	0.017986048519040954	ptq_pgfloor50_w4a4_out8_w0p070_a0p350_random_s29_fixedseed20260808_cal16_dep_e3_retry1
pilot	boundary	20260809	uniform	0.9675278636762455	0.937223987783235	0.9978317395692561	0.0041057117316575156	0.0	0.0	0.0	0.0	True	-0.001072750331642669	-0.002072797650814695	ptq_oa_w4a4_dualout8_boundaryrefine_w0p070_a0p350_fixedseed20260809_cal16_ms256_dep_e3_retry1
pilot	boundary	20260809	probing	0.9664551133446029	0.9351511901324203	0.9977590365567853	0.0038066071946042408	-0.001072750331642669	-0.002072797650814695	-0.0002991045370532748	-0.07285083722439603	False	0.0	0.0	ptq_pgfloor50_w4a4_out8_w0p070_a0p350_probing_fixedseed20260809_cal16_dep_e3_retry1
pilot	boundary	20260809	inverse	0.9399039168383726	0.8836019330432311	0.9962059006335141	0.004654959075080608	-0.027623946837872948	-0.05362205474000392	0.0005492473434230922	0.13377640207617686	False	0.02655119650623028	0.05154925708918923	ptq_pgfloor50_w4a4_out8_w0p070_a0p350_inverse_fixedseed20260809_cal16_dep_e3_retry1
pilot	boundary	20260809	early	0.9426440744860349	0.8889083313283318	0.9963798176437382	0.003982919201398628	-0.024883789190210615	-0.04831565645490321	-0.00012279253025888719	-0.0299077330032897	False	0.023811038858567946	0.046242858804088516	ptq_pgfloor50_w4a4_out8_w0p070_a0p350_early_fixedseed20260809_cal16_dep_e3_retry1
pilot	boundary	20260809	late	0.9549584882157394	0.9128842572247683	0.9970327192067103	0.004649973143281903	-0.012569375460506182	-0.02433973055846672	0.0005442614116243872	0.1325620129216095	False	0.011496625128863514	0.022266932907652026	ptq_pgfloor50_w4a4_out8_w0p070_a0p350_late_fixedseed20260809_cal16_dep_e3_retry1
pilot	boundary	20260809	random_s29	0.9497332803654346	0.9026932914902306	0.9967732692406385	0.003949714827102583	-0.017794583310810963	-0.034530696293004426	-0.00015599690455493295	-0.03799509433458337	False	0.016721832979168294	0.03245789864218973	ptq_pgfloor50_w4a4_out8_w0p070_a0p350_random_s29_fixedseed20260809_cal16_dep_e3_retry1
bopfix2	low	20260806	uniform	0.9486950303725705	0.9006923456155017	0.9966977151296394	0.0032442153027602495	0.0	0.0	0.0	0.0	True	0.0030842658205449958	0.005992476306969641	ptq_oa_w4a4_dualout8_boundaryrefine_w0p055_a0p275_fixedseed20260806_cal16_ms256_dep_e3_retry1
bopfix2	low	20260806	probing	0.9517792961931155	0.9066848219224714	0.9968737704637597	0.0032936616403495484	0.0030842658205449958	0.005992476306969641	4.944633758929883e-05	0.01524138596696366	True	0.0	0.0	ptq_pgfloor50_w4a4_out8_w0p055_a0p275_probing_bopfix2_fixedseed20260806_cal16_dep_e3_retry1
bopfix2	low	20260806	inverse	0.42829122162171973	0.03359146982137993	0.8229909734220595	0.0042182676631645506	-0.5204038087508508	-0.8671008757941218	0.000974052360404301	0.30024282284087495	False	0.5234880745713958	0.8730933521010914	ptq_pgfloor50_w4a4_out8_w0p055_a0p275_inverse_bopfix2_fixedseed20260806_cal16_dep_e3_retry1
bopfix2	low	20260806	early	0.8685289920833866	0.7443917223560976	0.9926662618106756	0.0032296577718499667	-0.0801660382891839	-0.15630062325940408	-1.4557530910282862e-05	-0.004487227126355331	True	0.08325030410972889	0.16229309956637372	ptq_pgfloor50_w4a4_out8_w0p055_a0p275_early_bopfix2_fixedseed20260806_cal16_dep_e3_retry1
bopfix2	low	20260806	late	0.4890681505261631	0.038856859183374136	0.9392794418689521	0.008501630562317883	-0.45962687984640743	-0.8618354864321276	0.005257415259557634	1.6205506629244086	False	0.46271114566695243	0.8678279627390972	ptq_pgfloor50_w4a4_out8_w0p055_a0p275_late_bopfix2_fixedseed20260806_cal16_dep_e3_retry1
bopfix2	low	20260806	random_s29	0.4523311263981551	0.029832605933373845	0.8748296468629363	0.006535161965719672	-0.49636390397441543	-0.8708597396821278	0.0032909466629594225	1.0144045187628	False	0.49944816979496043	0.8768522159890975	ptq_pgfloor50_w4a4_out8_w0p055_a0p275_random_s29_bopfix2_fixedseed20260806_cal16_dep_e3_retry1
bopfix2	low	20260807	uniform	0.9217342531542783	0.848257639061406	0.9952108672471504	0.0031332340163658075	0.0	0.0	0.0	0.0	True	0.030141019035349492	0.05861271988240124	ptq_oa_w4a4_dualout8_boundaryrefine_w0p055_a0p275_fixedseed20260807_cal16_ms256_dep_e3_retry1
bopfix2	low	20260807	probing	0.9518752721896278	0.9068703589438073	0.9968801854354483	0.0031643520126164106	0.030141019035349492	0.05861271988240124	3.111799625060306e-05	0.009931590199795025	True	0.0	0.0	ptq_pgfloor50_w4a4_out8_w0p055_a0p275_probing_bopfix2_fixedseed20260807_cal16_dep_e3_retry1
bopfix2	low	20260807	inverse	0.4298688805144097	0.03319004219275175	0.8265477188360676	0.004718259988936703	-0.49186537263986857	-0.8150675968686543	0.0015850259725708957	0.5058753876320238	False	0.522006391675218	0.8736803167510555	ptq_pgfloor50_w4a4_out8_w0p055_a0p275_inverse_bopfix2_fixedseed20260807_cal16_dep_e3_retry1
bopfix2	low	20260807	early	0.8573222107809906	0.7224571443040538	0.9921872772579274	0.0031296124409199272	-0.06441204237328768	-0.12580049475735222	-3.6215754458802756e-06	-0.0011558585879521657	True	0.09455306140863717	0.18441321463975346	ptq_pgfloor50_w4a4_out8_w0p055_a0p275_early_bopfix2_fixedseed20260807_cal16_dep_e3_retry1
bopfix2	low	20260807	late	0.42800584451397683	0.03230223877677181	0.8237094502511818	0.005565275782864183	-0.49372840864030143	-0.8159554002846342	0.0024320417664983754	0.776208145894977	False	0.5238694276756509	0.8745681201670354	ptq_pgfloor50_w4a4_out8_w0p055_a0p275_late_bopfix2_fixedseed20260807_cal16_dep_e3_retry1
bopfix2	low	20260807	random_s29	0.45565191846679354	0.04469604545152909	0.866607791482058	0.0052325085486194895	-0.4660823346874847	-0.803561593609877	0.002099274532253682	0.670002470702332	False	0.4962233537228342	0.8621743134922782	ptq_pgfloor50_w4a4_out8_w0p055_a0p275_random_s29_bopfix2_fixedseed20260807_cal16_dep_e3_retry1
bopfix2	low	20260808	uniform	0.9371326499538031	0.8782190607916749	0.9960462391159314	0.0034927267939841547	0.0	0.0	0.0	0.0	True	0.013811605117409087	0.026840583688809927	ptq_oa_w4a4_dualout8_boundaryrefine_w0p055_a0p275_fixedseed20260808_cal16_ms256_dep_e3_retry1
bopfix2	low	20260808	probing	0.9509442550712122	0.9050596444804848	0.9968288656619395	0.0034953710060274764	0.013811605117409087	0.026840583688809927	2.6442120433217003e-06	0.0007570623754128351	True	0.0	0.0	ptq_pgfloor50_w4a4_out8_w0p055_a0p275_probing_bopfix2_fixedseed20260808_cal16_dep_e3_retry1
bopfix2	low	20260808	inverse	0.4235335073190749	0.03354881607624395	0.8135181985619059	0.004366070319693402	-0.5135991426347282	-0.844670244715431	0.0008733435257092469	0.2500463326285603	False	0.5274107477521373	0.8715108284042409	ptq_pgfloor50_w4a4_out8_w0p055_a0p275_inverse_bopfix2_fixedseed20260808_cal16_dep_e3_retry1
bopfix2	low	20260808	early	0.8439512092914755	0.6962874993545722	0.9916149192283787	0.0034771179439406002	-0.09318144066232759	-0.18193156143710265	-1.5608850043554497e-05	-0.0044689581992038594	True	0.10699304577973667	0.20877214512591258	ptq_pgfloor50_w4a4_out8_w0p055_a0p275_early_bopfix2_fixedseed20260808_cal16_dep_e3_retry1
bopfix2	low	20260808	late	0.2749150448624066	0.03467507549783157	0.5151550142269816	0.007030515238818463	-0.6622176050913965	-0.8435439852938433	0.003537788444834308	1.012901567602644	False	0.6760292102088056	0.8703845689826533	ptq_pgfloor50_w4a4_out8_w0p055_a0p275_late_bopfix2_fixedseed20260808_cal16_dep_e3_retry1
bopfix2	low	20260808	random_s29	0.38557055924808137	0.032510586652243316	0.7386305318439195	0.007989211719701109	-0.5515620907057217	-0.8457084741394316	0.004496484925716955	1.2873852410848925	False	0.5653736958231308	0.8725490578282415	ptq_pgfloor50_w4a4_out8_w0p055_a0p275_random_s29_bopfix2_fixedseed20260808_cal16_dep_e3_retry1
bopfix2	low	20260809	uniform	0.9370448236667611	0.8780626531326566	0.9960269942008656	0.0032756907442583268	0.0	0.0	0.0	0.0	True	0.013966893195231145	0.02713690435181282	ptq_oa_w4a4_dualout8_boundaryrefine_w0p055_a0p275_fixedseed20260809_cal16_ms256_dep_e3_retry1
bopfix2	low	20260809	probing	0.9510117168619923	0.9051995574844695	0.9968238762395151	0.003327766179480793	0.013966893195231145	0.02713690435181282	5.207543522246609e-05	0.01589754323229218	True	0.0	0.0	ptq_pgfloor50_w4a4_out8_w0p055_a0p275_probing_bopfix2_fixedseed20260809_cal16_dep_e3_retry1
bopfix2	low	20260809	inverse	0.4291885162975027	0.033641186873649045	0.8247358457213564	0.004444335853154658	-0.5078563073692584	-0.8444214662590076	0.001168645108896331	0.3567629547889242	False	0.5218232005644896	0.8715583706108204	ptq_pgfloor50_w4a4_out8_w0p055_a0p275_inverse_bopfix2_fixedseed20260809_cal16_dep_e3_retry1
bopfix2	low	20260809	early	0.8250535753074193	0.6592271020321198	0.9908800485827189	0.003274251160375056	-0.11199124835934182	-0.21883555110053687	-1.4395838832709403e-06	-0.00043947490641302496	True	0.12595814155457297	0.2459724554523497	ptq_pgfloor50_w4a4_out8_w0p055_a0p275_early_bopfix2_fixedseed20260809_cal16_dep_e3_retry1
bopfix2	low	20260809	late	0.4888945358266259	0.027551432590921122	0.9502376390623307	0.007768153974561762	-0.4481502878401352	-0.8505112205417356	0.004492463230303435	1.3714552383120666	False	0.46211718103536636	0.8776481248935484	ptq_pgfloor50_w4a4_out8_w0p055_a0p275_late_bopfix2_fixedseed20260809_cal16_dep_e3_retry1
bopfix2	low	20260809	random_s29	0.4262713170365018	0.031000731477933748	0.8215419025950699	0.007047017320736413	-0.5107735066302593	-0.8470619216547229	0.0037713265764780864	1.1513072725465665	False	0.5247403998254905	0.8741988260065358	ptq_pgfloor50_w4a4_out8_w0p055_a0p275_random_s29_bopfix2_fixedseed20260809_cal16_dep_e3_retry1
bopfix2	boundary	20260806	uniform	0.9677406292274116	0.9376402528153501	0.9978410056394729	0.004165898948076782	0.0	0.0	0.0	0.0	True	0.004560171270147073	0.008829530490411353	ptq_oa_w4a4_dualout8_boundaryrefine_w0p070_a0p350_fixedseed20260806_cal16_ms256_dep_e3_retry1
bopfix2	boundary	20260806	probing	0.9723008004975586	0.9464697833057615	0.9981318176893557	0.004231443333011376	0.004560171270147073	0.008829530490411353	6.55443849345936e-05	0.015733551329864263	True	0.0	0.0	ptq_pgfloor50_w4a4_out8_w0p070_a0p350_probing_bopfix2_fixedseed20260806_cal16_dep_e3_retry1
bopfix2	boundary	20260806	inverse	0.9401723402805393	0.8841216733363948	0.9962230072246837	0.004300939720935237	-0.027568288946872244	-0.05351857947895533	0.00013504077285845465	0.032415758169265535	False	0.03212846021701932	0.06234810996936668	ptq_pgfloor50_w4a4_out8_w0p070_a0p350_inverse_bopfix2_fixedseed20260806_cal16_dep_e3_retry1
bopfix2	boundary	20260806	early	0.9545449158634087	0.9120300270840886	0.9970598046427288	0.004195475173074134	-0.013195713364002826	-0.025610225731261482	2.9576224997351387e-05	0.007099602118530855	True	0.0177558846341499	0.034439756221672835	ptq_pgfloor50_w4a4_out8_w0p070_a0p350_early_bopfix2_fixedseed20260806_cal16_dep_e3_retry1
bopfix2	boundary	20260806	late	0.9540941303239303	0.9112111378624516	0.9969771227854092	0.00421611659035434	-0.013646498903481241	-0.02642911495289857	5.02176422775575e-05	0.01205445520965909	True	0.018206670173628314	0.03525864544330992	ptq_pgfloor50_w4a4_out8_w0p070_a0p350_late_bopfix2_fixedseed20260806_cal16_dep_e3_retry1
bopfix2	boundary	20260806	random_s29	0.962716299505709	0.9278902459427807	0.9975423530686374	0.00415657601277305	-0.005024329721702525	-0.009750006872569439	-9.32293530373201e-06	-0.002237916814577562	True	0.009584500991849598	0.01857953736298079	ptq_pgfloor50_w4a4_out8_w0p070_a0p350_random_s29_bopfix2_fixedseed20260806_cal16_dep_e3_retry1
bopfix2	boundary	20260807	uniform	0.9693078842858618	0.9406671339628088	0.9979486346089148	0.004029763350520038	0.0	0.0	0.0	0.0	True	0.0007022216974272855	0.001368091888619305	ptq_oa_w4a4_dualout8_boundaryrefine_w0p070_a0p350_fixedseed20260807_cal16_ms256_dep_e3_retry1
bopfix2	boundary	20260807	probing	0.9700101059832891	0.9420352258514281	0.9979849861151502	0.004067709337816371	0.0007022216974272855	0.001368091888619305	3.7945987296333396e-05	0.009416430692248094	True	0.0	0.0	ptq_pgfloor50_w4a4_out8_w0p070_a0p350_probing_bopfix2_fixedseed20260807_cal16_dep_e3_retry1
bopfix2	boundary	20260807	inverse	0.9190877947310829	0.8430858939024668	0.9950896955596992	0.004181722856911507	-0.05022008955477886	-0.09758124006034197	0.0001519595063914688	0.03770928790939015	False	0.05092231125220614	0.09894933194896127	ptq_pgfloor50_w4a4_out8_w0p070_a0p350_inverse_bopfix2_fixedseed20260807_cal16_dep_e3_retry1
bopfix2	boundary	20260807	early	0.9316248042150286	0.8674956069132727	0.9957540015167844	0.004049704378636989	-0.03768308007083321	-0.07317152704953611	1.9941028116951358e-05	0.004948436516595443	True	0.038385301768260494	0.07453961893815542	ptq_pgfloor50_w4a4_out8_w0p070_a0p350_early_bopfix2_fixedseed20260807_cal16_dep_e3_retry1
bopfix2	boundary	20260807	late	0.9508523151125672	0.9049156799425906	0.9967889502825439	0.004097617162209382	-0.018455569173294606	-0.035751454020218176	6.785381168934387e-05	0.016838162886311275	True	0.01915779087072189	0.03711954590883748	ptq_pgfloor50_w4a4_out8_w0p070_a0p350_late_bopfix2_fixedseed20260807_cal16_dep_e3_retry1
bopfix2	boundary	20260807	random_s29	0.9557619085690103	0.9144020011023021	0.9971218160357186	0.00403877004700897	-0.013545975716851455	-0.02626513286050669	9.006696488932271e-06	0.0022350435262581767	True	0.01424819741427874	0.027633224749125995	ptq_pgfloor50_w4a4_out8_w0p070_a0p350_random_s29_bopfix2_fixedseed20260807_cal16_dep_e3_retry1
bopfix2	boundary	20260808	uniform	0.9677485513329158	0.93764968205467	0.9978474206111615	0.004395714934098577	0.0	0.0	0.0	0.0	True	0.0008553665598352023	0.0016594133461617089	ptq_oa_w4a4_dualout8_boundaryrefine_w0p070_a0p350_fixedseed20260808_cal16_ms256_dep_e3_retry1
bopfix2	boundary	20260808	probing	0.968603917892751	0.9393090954008317	0.9978987403846702	0.00438303550310891	0.0008553665598352023	0.0016594133461617089	-1.2679430989667381e-05	-0.0028844980122141456	True	0.0	0.0	ptq_pgfloor50_w4a4_out8_w0p070_a0p350_probing_bopfix2_fixedseed20260808_cal16_dep_e3_retry1
bopfix2	boundary	20260808	inverse	0.9090879682267683	0.8236030025020851	0.9945729339514515	0.004596009090486568	-0.058660583106147524	-0.11404667955258496	0.0002002941563879904	0.04556577471260984	False	0.059515949665982726	0.11570609289874667	ptq_pgfloor50_w4a4_out8_w0p070_a0p350_inverse_bopfix2_fixedseed20260808_cal16_dep_e3_retry1
bopfix2	boundary	20260808	early	0.9482418699384731	0.8997881630712031	0.9966955768057433	0.004445313111785382	-0.01950668139444267	-0.0378615189834669	4.959817768680503e-05	0.011283301676835432	True	0.020362047954277873	0.03952093232962861	ptq_pgfloor50_w4a4_out8_w0p070_a0p350_early_bopfix2_fixedseed20260808_cal16_dep_e3_retry1
bopfix2	boundary	20260808	late	0.9519390824373775	0.9070314798470138	0.9968466850277412	0.004438976983467615	-0.01580946889553836	-0.03061820220765621	4.326204936903801e-05	0.009841868732989097	True	0.01666483545537356	0.03227761555381792	ptq_pgfloor50_w4a4_out8_w0p070_a0p350_late_bopfix2_fixedseed20260808_cal16_dep_e3_retry1
bopfix2	boundary	20260808	random_s29	0.9562029979005728	0.9152549560055125	0.9971510397956332	0.004407935167921333	-0.011545553432342981	-0.022394726049157487	1.2220233822755715e-05	0.002780033283769276	True	0.012400919992178183	0.024054139395319196	ptq_pgfloor50_w4a4_out8_w0p070_a0p350_random_s29_bopfix2_fixedseed20260808_cal16_dep_e3_retry1
bopfix2	boundary	20260809	uniform	0.9675278636762455	0.937223987783235	0.9978317395692561	0.0041057117316575156	0.0	0.0	0.0	0.0	True	0.005173197064639257	0.01002208167168861	ptq_oa_w4a4_dualout8_boundaryrefine_w0p070_a0p350_fixedseed20260809_cal16_ms256_dep_e3_retry1
bopfix2	boundary	20260809	probing	0.9727010607408848	0.9472460694549236	0.998156052026846	0.0041418285171541894	0.005173197064639257	0.01002208167168861	3.611678549667388e-05	0.008796717318995307	True	0.0	0.0	ptq_pgfloor50_w4a4_out8_w0p070_a0p350_probing_bopfix2_fixedseed20260809_cal16_dep_e3_retry1
bopfix2	boundary	20260809	inverse	0.8955682705460163	0.7972293386469305	0.9939072024451021	0.004310582947477196	-0.07195959313022926	-0.13999464913630455	0.0002048712158196804	0.04989907455995989	False	0.07713279019486852	0.15001673080799316	ptq_pgfloor50_w4a4_out8_w0p070_a0p350_inverse_bopfix2_fixedseed20260809_cal16_dep_e3_retry1
bopfix2	boundary	20260809	early	0.9528497002616467	0.9087365332305254	0.996962867292768	0.004136691214529054	-0.014678163414598822	-0.028487454552709623	3.0979482871538316e-05	0.007545459812160656	True	0.019851360479238078	0.03850953622439823	ptq_pgfloor50_w4a4_out8_w0p070_a0p350_early_bopfix2_fixedseed20260809_cal16_dep_e3_retry1
bopfix2	boundary	20260809	late	0.9421787465378211	0.8880974215700911	0.9962600715055511	0.004151289423717171	-0.02534911713842447	-0.04912656621314393	4.557769205965501e-05	0.011101045333558978	True	0.030522314203063727	0.05914864788483254	ptq_pgfloor50_w4a4_out8_w0p070_a0p350_late_bopfix2_fixedseed20260809_cal16_dep_e3_retry1
bopfix2	boundary	20260809	random_s29	0.9550600957468958	0.9130333014150441	0.9970868900787473	0.004138060334999202	-0.012467767929349782	-0.024190686368190883	3.234860334168626e-05	0.007878927079136852	True	0.01764096499398904	0.03421276803987949	ptq_pgfloor50_w4a4_out8_w0p070_a0p350_random_s29_bopfix2_fixedseed20260809_cal16_dep_e3_retry1
