task	budget	seed	strategy	major	f1_micro	measured_bop	delta_major_vs_uniform	delta_f1_vs_uniform	delta_major_vs_probing	delta_f1_vs_probing	relative_bop_error_vs_uniform_pct	run_name
ner	low	20260806	uniform	0.9623862708287196	0.9319818112921561	0.003915892659244026	0.0	0.0	-0.009469081769644339	-0.017241274168443232	0.0	ptq_pg_w4a4_out8_low_uniform_fixedseed20260806_cal16_ner_e3
ner	low	20260806	probing	0.971855352598364	0.9492230854605993	0.0037984342714230943	0.009469081769644339	0.017241274168443232	0.0	0.0	-2.999530325318156	ptq_pg_w4a4_out8_low_probing_bopfix2_fixedseed20260806_cal16_ner_e3
ner	low	20260806	fisher	0.9562312681977203	0.9207612290877715	0.003918813397446906	-0.006155002630999329	-0.0112205822043846	-0.015624084400643667	-0.028461856372827832	0.07458677898091182	ptq_fisher_w4a4_out8_low_fisher_bopfix2_fixedseed20260806_cal16_ner_e3
ner	low	20260806	probefisher	0.9704252837950651	0.9466089466089466	0.003881785714947634	0.00803901296634546	0.014627135316790496	-0.0014300688032988784	-0.0026141388516527364	-0.8709877227067953	ptq_fisher_w4a4_out8_low_probefisher_bopfix2_fixedseed20260806_cal16_ner_e3
ner	low	20260806	late	0.9737036373200054	0.9525782688766115	0.003793861167078782	0.011317366491285785	0.020596457584455385	0.0018482847216414466	0.003355183416012153	-3.1163135148041254	ptq_pg_w4a4_out8_low_late_bopfix2_fixedseed20260806_cal16_ner_e3
ner	low	20260807	uniform	0.9147154396594239	0.8445271702600693	0.0037153036038463276	0.0	0.0	-0.046192757081239266	-0.08476959352468916	0.0	ptq_pg_w4a4_out8_low_uniform_fixedseed20260807_cal16_ner_e3
ner	low	20260807	probing	0.9609081967406632	0.9292967637847585	0.003568996907471186	0.046192757081239266	0.08476959352468916	0.0	0.0	-3.937947257491292	ptq_pg_w4a4_out8_low_probing_bopfix2_fixedseed20260807_cal16_ner_e3
ner	low	20260807	fisher	0.9246179503011314	0.862790934038012	0.0037613130249719673	0.00990251064170744	0.0182637637779427	-0.036290246439531826	-0.06650582974674646	1.2383758107414877	ptq_fisher_w4a4_out8_low_fisher_bopfix2_fixedseed20260807_cal16_ner_e3
ner	low	20260807	probefisher	0.9539751305677879	0.9166305029172092	0.0036645275632736685	0.03925969090836401	0.07210333265713986	-0.006933066172875257	-0.012666260867549295	-1.3666727133710532	ptq_fisher_w4a4_out8_low_probefisher_bopfix2_fixedseed20260807_cal16_ner_e3
ner	low	20260807	late	0.9720743952942463	0.9496109670248241	0.003623479104468228	0.057358955634822406	0.10508379676475477	0.01116619855358314	0.02031420324006561	-2.4715207468653855	ptq_pg_w4a4_out8_low_late_bopfix2_fixedseed20260807_cal16_ner_e3
ner	low	20260808	uniform	0.9576789698661985	0.9234005929042747	0.004058743648313769	0.0	0.0	-0.005523229073867708	-0.01007752427621722	0.0	ptq_pg_w4a4_out8_low_uniform_fixedseed20260808_cal16_ner_e3
ner	low	20260808	probing	0.9632021989400662	0.9334781171804919	0.003924305571448631	0.005523229073867708	0.01007752427621722	0.0	0.0	-3.312307662519931	ptq_pg_w4a4_out8_low_probing_bopfix2_fixedseed20260808_cal16_ner_e3
ner	low	20260808	fisher	0.9598364804279069	0.927329044555635	0.004058287150516439	0.002157510561708431	0.003928451651360354	-0.003365718512159277	-0.006149072624856866	-0.011247268536396238	ptq_fisher_w4a4_out8_low_fisher_bopfix2_fixedseed20260808_cal16_ner_e3
ner	low	20260808	probefisher	0.9613213352904773	0.9300427147603227	0.004052947657486352	0.0036423654242787595	0.006642121856048067	-0.0018808636495889486	-0.0034354024201691535	-0.1428025844851022	ptq_fisher_w4a4_out8_low_probefisher_bopfix2_fixedseed20260808_cal16_ner_e3
ner	low	20260808	late	0.9729341819547281	0.9511698880976602	0.003897174256934273	0.015255212088529646	0.027769295193385557	0.009731983014661938	0.017691770917168337	-3.9807734949365625	ptq_pg_w4a4_out8_low_late_bopfix2_fixedseed20260808_cal16_ner_e3
ner	low	20260809	uniform	0.953405782772799	0.915602255747819	0.003975536838523377	0.0	0.0	-0.010303875896870651	-0.018805434385061992	0.0	ptq_pg_w4a4_out8_low_uniform_fixedseed20260809_cal16_ner_e3
ner	low	20260809	probing	0.9637096586696696	0.9344076901328809	0.003823576321862827	0.010303875896870651	0.018805434385061992	0.0	0.0	-3.8223898515550303	ptq_pg_w4a4_out8_low_probing_bopfix2_fixedseed20260809_cal16_ner_e3
ner	low	20260809	fisher	0.9605747661867012	0.9286801065043743	0.004018974980004598	0.0071689834139022635	0.01307785075655532	-0.0031348924829683877	-0.005727583628506672	1.0926358689548943	ptq_fisher_w4a4_out8_low_fisher_bopfix2_fixedseed20260809_cal16_ner_e3
ner	low	20260809	probefisher	0.9614853911512038	0.9303407041852519	0.003939707715415219	0.008079608378404823	0.014738448437432994	-0.002224267518465828	-0.004066985947628998	-0.9012398718323933	ptq_fisher_w4a4_out8_low_probefisher_bopfix2_fixedseed20260809_cal16_ner_e3
ner	low	20260809	late	0.9632084790328507	0.9334906773660608	0.0038571299038598354	0.009802696260051702	0.01788842161824189	-0.0005011796368189492	-0.0009170127668201022	-2.978388566700363	ptq_pg_w4a4_out8_low_late_bopfix2_fixedseed20260809_cal16_ner_e3
ner	boundary	20260806	uniform	0.9727753646655739	0.9508773554331219	0.0048647628668976595	0.0	0.0	-0.0017113492535056896	-0.003106414393510337	0.0	ptq_pg_w4a4_out8_boundary_uniform_fixedseed20260806_cal16_ner_e3
ner	boundary	20260806	probing	0.9744867139190796	0.9539837698266322	0.004860819201666368	0.0017113492535056896	0.003106414393510337	0.0	0.0	-0.08106592940276824	ptq_pg_w4a4_out8_boundary_probing_bopfix2_fixedseed20260806_cal16_ner_e3
ner	boundary	20260806	fisher	0.972876132416761	0.951063829787234	0.004889752671791647	0.00010076775118705861	0.00018647435411212054	-0.001610581502318631	-0.0029199400393982167	0.513690092975172	ptq_fisher_w4a4_out8_boundary_fisher_bopfix2_fixedseed20260806_cal16_ner_e3
ner	boundary	20260806	probefisher	0.9746556286854358	0.9542964974455747	0.004797565516533365	0.0018802640198618548	0.003419142012452747	0.0001689147663561652	0.00031272761894240997	-1.3813078294430348	ptq_fisher_w4a4_out8_boundary_probefisher_bopfix2_fixedseed20260806_cal16_ner_e3
ner	boundary	20260806	late	0.974484145507724	0.9539987145349371	0.004723212597598622	0.0017087808421500927	0.003121359101815213	-2.5684113555968224e-06	1.4944708304875931e-05	-2.9097054300882497	ptq_pg_w4a4_out8_boundary_late_bopfix2_fixedseed20260806_cal16_ner_e3
ner	boundary	20260807	uniform	0.963225038751752	0.9335037152728477	0.004595745914907504	0.0	0.0	-0.00826626919441753	-0.01504650509365657	0.0	ptq_pg_w4a4_out8_boundary_uniform_fixedseed20260807_cal16_ner_e3
ner	boundary	20260807	probing	0.9714913079461696	0.9485502203665043	0.00447288629798788	0.00826626919441753	0.01504650509365657	0.0	0.0	-2.6733335391997404	ptq_pg_w4a4_out8_boundary_probing_bopfix2_fixedseed20260807_cal16_ner_e3
ner	boundary	20260807	fisher	0.954530535565612	0.9176459256405317	0.004654147494989416	-0.008694503186140068	-0.01585778963231599	-0.0169607723805576	-0.03090429472597256	1.2707747809223013	ptq_fisher_w4a4_out8_boundary_fisher_bopfix2_fixedseed20260807_cal16_ner_e3
ner	boundary	20260807	probefisher	0.9690037252894668	0.944026889500957	0.004493396139918787	0.005778686537714739	0.010523174228109333	-0.0024875826567027914	-0.004523330865547237	-2.227054691094188	ptq_fisher_w4a4_out8_boundary_probefisher_bopfix2_fixedseed20260807_cal16_ner_e3
ner	boundary	20260807	late	0.9748639853535879	0.9546730477198472	0.00448858601628075	0.011638946601835842	0.021169332446999478	0.003372677407418312	0.006122827353342908	-2.331719390298592	ptq_pg_w4a4_out8_boundary_late_bopfix2_fixedseed20260807_cal16_ner_e3
ner	boundary	20260808	uniform	0.962080278550221	0.9314250509454528	0.0050397907911457615	0.0	0.0	-0.0014166214904260954	-0.0025822238431532085	0.0	ptq_pg_w4a4_out8_boundary_uniform_fixedseed20260808_cal16_ner_e3
ner	boundary	20260808	probing	0.9634969000406471	0.934007274788606	0.004911995353446317	0.0014166214904260954	0.0025822238431532085	0.0	0.0	-2.53572902121183	ptq_pg_w4a4_out8_boundary_probing_bopfix2_fixedseed20260808_cal16_ner_e3
ner	boundary	20260808	fisher	0.9647500322090122	0.9362826015186531	0.005090129003006536	0.002669753658791185	0.004857550573200253	0.0012531321683650898	0.0022753267300470448	0.9988155053819225	ptq_fisher_w4a4_out8_boundary_fisher_bopfix2_fixedseed20260808_cal16_ner_e3
ner	boundary	20260808	probefisher	0.9653476825085586	0.9373674536971582	0.005015696973706172	0.003267403958337578	0.005942402751705433	0.0018507824679114826	0.003360178908552225	-0.47807177793806055	ptq_fisher_w4a4_out8_boundary_probefisher_bopfix2_fixedseed20260808_cal16_ner_e3
ner	boundary	20260808	late	0.9756615752003805	0.9561226363135671	0.00487494173628797	0.013581296650159502	0.024697585368114283	0.012164675159733407	0.022115361524961075	-3.2709503566578535	ptq_pg_w4a4_out8_boundary_late_bopfix2_fixedseed20260808_cal16_ner_e3
ner	boundary	20260809	uniform	0.9614982067097404	0.9303562945368171	0.004915098485210685	0.0	0.0	-0.002736261967397402	-0.004990567190412687	0.0	ptq_pg_w4a4_out8_boundary_uniform_fixedseed20260809_cal16_ner_e3
ner	boundary	20260809	probing	0.9642344686771378	0.9353468617272298	0.004817055355542996	0.002736261967397402	0.004990567190412687	0.0	0.0	-1.9947337772110996	ptq_pg_w4a4_out8_boundary_probing_bopfix2_fixedseed20260809_cal16_ner_e3
ner	boundary	20260809	fisher	0.9634196467924986	0.9338628090578168	0.004964930876794152	0.0019214400827581857	0.003506514520999704	-0.0008148218846392163	-0.001484052669412983	1.0138635417664688	ptq_fisher_w4a4_out8_boundary_fisher_bopfix2_fixedseed20260809_cal16_ner_e3
ner	boundary	20260809	probefisher	0.9659691379440585	0.9385049365303244	0.0049044861380503615	0.004470931234318076	0.008148641993507288	0.0017346692669206742	0.0031580748030946015	-0.2159132150099441	ptq_fisher_w4a4_out8_boundary_probefisher_bopfix2_fixedseed20260809_cal16_ner_e3
ner	boundary	20260809	late	0.9740229428664253	0.9531566353764035	0.004768132508912127	0.012524736156684924	0.022800340839586375	0.009788474189287522	0.017809773649173688	-2.990092197354166	ptq_pg_w4a4_out8_boundary_late_bopfix2_fixedseed20260809_cal16_ner_e3
dep	low	20260806	uniform	0.9486950303725705	0.9006923456155017	0.0032442153027602495	0.0	0.0	-0.0030842658205449958	-0.005992476306969641	0.0	ptq_oa_w4a4_dualout8_boundaryrefine_w0p055_a0p275_fixedseed20260806_cal16_ms256_dep_e3_retry1
dep	low	20260806	probing	0.9517792961931155	0.9066848219224714	0.0032936616403495484	0.0030842658205449958	0.005992476306969641	0.0	0.0	1.524138596696356	ptq_pgfloor50_w4a4_out8_w0p055_a0p275_probing_bopfix2_fixedseed20260806_cal16_dep_e3_retry1
dep	low	20260806	fisher	0.9521215593518704	0.907345113902491	0.003234507416713289	0.0034265289792998477	0.006652768286989241	0.0003422631587548519	0.0006602919800196005	-0.2992367996877632	ptq_fisher_w4a4_out8_low_fisher_bopfix2_fixedseed20260806_cal16_dep_e3_retry1
dep	low	20260806	probefisher	0.9504084688607849	0.9040272746643938	0.003230217038219104	0.0017134384882143694	0.003334929048892099	-0.0013708273323306264	-0.0026575472580775417	-0.4314838330623516	ptq_fisher_w4a4_out8_low_probefisher_bopfix2_fixedseed20260806_cal16_dep_e3_retry1
dep	low	20260807	uniform	0.9217342531542783	0.848257639061406	0.0031332340163658075	0.0	0.0	-0.030141019035349492	-0.05861271988240124	0.0	ptq_oa_w4a4_dualout8_boundaryrefine_w0p055_a0p275_fixedseed20260807_cal16_ms256_dep_e3_retry1
dep	low	20260807	probing	0.9518752721896278	0.9068703589438073	0.0031643520126164106	0.030141019035349492	0.05861271988240124	0.0	0.0	0.9931590199794949	ptq_pgfloor50_w4a4_out8_w0p055_a0p275_probing_bopfix2_fixedseed20260807_cal16_dep_e3_retry1
dep	low	20260807	fisher	0.9350135619165129	0.8740956414328569	0.0031279529887467635	0.013279308762234598	0.02583800237145084	-0.016861710273114894	-0.0327747175109504	-0.16854877712483285	ptq_fisher_w4a4_out8_low_fisher_bopfix2_fixedseed20260807_cal16_dep_e3_retry1
dep	low	20260807	probefisher	0.9461175121678991	0.8956912685266849	0.0031224180125214466	0.024383259013620817	0.04743362946527885	-0.005757760021728675	-0.011179090417122395	-0.34520255390646515	ptq_fisher_w4a4_out8_low_probefisher_bopfix2_fixedseed20260807_cal16_dep_e3_retry1
dep	low	20260808	uniform	0.9371326499538031	0.8782190607916749	0.0034927267939841547	0.0	0.0	-0.013811605117409087	-0.026840583688809927	0.0	ptq_oa_w4a4_dualout8_boundaryrefine_w0p055_a0p275_fixedseed20260808_cal16_ms256_dep_e3_retry1
dep	low	20260808	probing	0.9509442550712122	0.9050596444804848	0.0034953710060274764	0.013811605117409087	0.026840583688809927	0.0	0.0	0.07570623754127315	ptq_pgfloor50_w4a4_out8_w0p055_a0p275_probing_bopfix2_fixedseed20260808_cal16_dep_e3_retry1
dep	low	20260808	fisher	0.9433763208653926	0.890361419692934	0.003487373087342213	0.006243670911589505	0.012142358901259143	-0.007567934205819582	-0.014698224787550784	-0.153281575047981	ptq_fisher_w4a4_out8_low_fisher_bopfix2_fixedseed20260808_cal16_dep_e3_retry1
dep	low	20260808	probefisher	0.9491970326603392	0.9016649881072278	0.0035079569566181428	0.012064382706536092	0.02344592731555295	-0.001747222410872995	-0.0033946563732569768	0.4360536489776523	ptq_fisher_w4a4_out8_low_probefisher_bopfix2_fixedseed20260808_cal16_dep_e3_retry1
dep	low	20260809	uniform	0.9370448236667611	0.8780626531326566	0.0032756907442583268	0.0	0.0	-0.013966893195231145	-0.02713690435181282	0.0	ptq_oa_w4a4_dualout8_boundaryrefine_w0p055_a0p275_fixedseed20260809_cal16_ms256_dep_e3_retry1
dep	low	20260809	probing	0.9510117168619923	0.9051995574844695	0.003327766179480793	0.013966893195231145	0.02713690435181282	0.0	0.0	1.5897543232292088	ptq_pgfloor50_w4a4_out8_w0p055_a0p275_probing_bopfix2_fixedseed20260809_cal16_dep_e3_retry1
dep	low	20260809	fisher	0.9493178245073917	0.9019079973505972	0.0032834935951457597	0.012273000840630544	0.0238453442179406	-0.0016938923546006013	-0.003291560133872218	0.2382047481469307	ptq_fisher_w4a4_out8_low_fisher_bopfix2_fixedseed20260809_cal16_dep_e3_retry1
dep	low	20260809	probefisher	0.9522948896086667	0.9076903488668194	0.0032944995836526503	0.015250065941905588	0.029627695734162796	0.0012831727466744436	0.002490791382349977	0.5741946008575916	ptq_fisher_w4a4_out8_low_probefisher_bopfix2_fixedseed20260809_cal16_dep_e3_retry1
dep	boundary	20260806	uniform	0.9677406292274116	0.9376402528153501	0.004165898948076782	0.0	0.0	-0.004560171270147073	-0.008829530490411353	0.0	ptq_oa_w4a4_dualout8_boundaryrefine_w0p070_a0p350_fixedseed20260806_cal16_ms256_dep_e3_retry1
dep	boundary	20260806	probing	0.9723008004975586	0.9464697833057615	0.004231443333011376	0.004560171270147073	0.008829530490411353	0.0	0.0	1.5733551329864204	ptq_pgfloor50_w4a4_out8_w0p070_a0p350_probing_bopfix2_fixedseed20260806_cal16_dep_e3_retry1
dep	boundary	20260806	fisher	0.9720075289505035	0.9458989212535566	0.004159902518871686	0.00426689972309191	0.00825866843820644	-0.0002932715470551628	-0.0005708620522049124	-0.14394082237315642	ptq_fisher_w4a4_out8_boundary_fisher_bopfix2_fixedseed20260806_cal16_dep_e3_retry1
dep	boundary	20260806	probefisher	0.9744629036033381	0.9506564240133317	0.004302476301802347	0.00672227437592654	0.013016171197981596	0.002162103105779467	0.004186640707570244	3.2784605538407785	ptq_fisher_w4a4_out8_boundary_probefisher_bopfix2_fixedseed20260806_cal16_dep_e3_retry1
dep	boundary	20260807	uniform	0.9693078842858618	0.9406671339628088	0.004029763350520038	0.0	0.0	-0.0007022216974272855	-0.001368091888619305	0.0	ptq_oa_w4a4_dualout8_boundaryrefine_w0p070_a0p350_fixedseed20260807_cal16_ms256_dep_e3_retry1
dep	boundary	20260807	probing	0.9700101059832891	0.9420352258514281	0.004067709337816371	0.0007022216974272855	0.001368091888619305	0.0	0.0	0.9416430692248179	ptq_pgfloor50_w4a4_out8_w0p070_a0p350_probing_bopfix2_fixedseed20260807_cal16_dep_e3_retry1
dep	boundary	20260807	fisher	0.970128001634364	0.9422546233370402	0.004072209748312438	0.0008201173485021807	0.0015874893742314766	0.00011789565107489519	0.00021939748561217165	1.053322344274199	ptq_fisher_w4a4_out8_boundary_fisher_bopfix2_fixedseed20260807_cal16_dep_e3_retry1
dep	boundary	20260807	probefisher	0.9724118929414374	0.9466884043203587	0.004133560214265008	0.0031040086555755853	0.006021270357549957	0.0024017869581483	0.004653178468930652	2.575755812846303	ptq_fisher_w4a4_out8_boundary_probefisher_bopfix2_fixedseed20260807_cal16_dep_e3_retry1
dep	boundary	20260808	uniform	0.9677485513329158	0.93764968205467	0.004395714934098577	0.0	0.0	-0.0008553665598352023	-0.0016594133461617089	0.0	ptq_oa_w4a4_dualout8_boundaryrefine_w0p070_a0p350_fixedseed20260808_cal16_ms256_dep_e3_retry1
dep	boundary	20260808	probing	0.968603917892751	0.9393090954008317	0.00438303550310891	0.0008553665598352023	0.0016594133461617089	0.0	0.0	-0.28844980122141317	ptq_pgfloor50_w4a4_out8_w0p070_a0p350_probing_bopfix2_fixedseed20260808_cal16_dep_e3_retry1
dep	boundary	20260808	fisher	0.9724784884222494	0.9468109036625018	0.00449430997465971	0.004729937089333558	0.009161221607831727	0.0038745705294983557	0.007501808261670018	2.242980767390268	ptq_fisher_w4a4_out8_boundary_fisher_bopfix2_fixedseed20260808_cal16_dep_e3_retry1
dep	boundary	20260808	probefisher	0.9734836094873309	0.9487612727235715	0.00452078067910075	0.005735058154415107	0.011111590668901439	0.004879691594579905	0.00945217732273973	2.8451741497613536	ptq_fisher_w4a4_out8_boundary_probefisher_bopfix2_fixedseed20260808_cal16_dep_e3_retry1
dep	boundary	20260809	uniform	0.9675278636762455	0.937223987783235	0.0041057117316575156	0.0	0.0	-0.005173197064639257	-0.01002208167168861	0.0	ptq_oa_w4a4_dualout8_boundaryrefine_w0p070_a0p350_fixedseed20260809_cal16_ms256_dep_e3_retry1
dep	boundary	20260809	probing	0.9727010607408848	0.9472460694549236	0.0041418285171541894	0.005173197064639257	0.01002208167168861	0.0	0.0	0.879671731899534	ptq_pgfloor50_w4a4_out8_w0p070_a0p350_probing_bopfix2_fixedseed20260809_cal16_dep_e3_retry1
dep	boundary	20260809	fisher	0.9715388408178798	0.944990055973592	0.004111611556093551	0.004010977141634231	0.007766068190356967	-0.0011622199230050256	-0.0022560134813316424	0.14369797057460776	ptq_fisher_w4a4_out8_boundary_fisher_bopfix2_fixedseed20260809_cal16_dep_e3_retry1
dep	boundary	20260809	probefisher	0.9740917144261437	0.9499411310949616	0.004215376687726494	0.006563850749898181	0.012717143311726575	0.0013906536852589246	0.0026950616400379657	2.671033994505634	ptq_fisher_w4a4_out8_boundary_probefisher_bopfix2_fixedseed20260809_cal16_dep_e3_retry1
