run_name	weight_target_ratio	activation_target_ratio	weight_actual_ratio	activation_actual_ratio	major	acc	f1_micro	normalized_bop_overhead
ptq_oa_w4a4_dualout8_w0p1_a0p5_ms256_ner_e3	0.001	0.005	0.0010000864664713542	0.006871053776101153	0.9764587182158923	0.9953611663353215	0.957556270096463	0.008508447762103312
ptq_oa_w4a4_dualout8_w0p1_a1_ms256_ner_e3	0.001	0.01	0.0010000864664713542	0.012930560551424723	0.9774959157298599	0.9955268389662028	0.9594649924935171	0.014499119478090558
ptq_oa_w4a4_dualout8_w0p1_a2_ms256_ner_e3	0.001	0.02	0.0010000864664713542	0.024643378530816235	0.9774025513258724	0.9955117778179409	0.9592933248338038	0.02635736724019337
ptq_oa_w4a4_dualout8_w0p1_a4_ms256_ner_e3	0.001	0.04	0.0010000864664713542	0.044723356418939146	0.9777990010398955	0.9955870835592505	0.9600109185205404	0.04636432391701471
ptq_oa_w4a4_dualout8_w0p1_a6_ms256_ner_e3	0.001	0.06	0.0010000864664713542	0.05902880091364299	0.9777869362007197	0.9955921039420046	0.9599817684594348	0.06080207442438698
ptq_oa_w4a4_dualout8_w0p25_a0p5_ms256_ner_e3	0.0025	0.005	0.0024998982747395835	0.0077021846861506415	0.9764378851403754	0.9953461051870595	0.9575296650936913	0.010893693759902465
ptq_oa_w4a4_dualout8_w0p25_a1_ms256_ner_e3	0.0025	0.01	0.0024998982747395835	0.013967526463921385	0.9776948950323736	0.9955720224109886	0.9598177676537586	0.0172107328120104
ptq_oa_w4a4_dualout8_w0p25_a2_ms256_ner_e3	0.0025	0.02	0.0024998982747395835	0.025213824771230704	0.9771049340750818	0.995446512842139	0.9587633553080246	0.028414929869593736
ptq_oa_w4a4_dualout8_w0p25_a4_ms256_ner_e3	0.0025	0.04	0.0024998982747395835	0.048323307598740206	0.9777186650096443	0.9955720224109886	0.9598653076082999	0.051863787423182
ptq_oa_w4a4_dualout8_w0p25_a6_ms256_ner_e3	0.0025	0.06	0.0024998982747395835	0.06461110831288508	0.977102985951425	0.9954515332248931	0.9587544386779568	0.0684107244547713
ptq_oa_w4a4_dualout8_w0p5_a0p5_ms256_ner_e3	0.005	0.005	0.005000114440917969	0.007586686687126165	0.976721748611677	0.9954063497801072	0.958037147443247	0.013462641199799988
ptq_oa_w4a4_dualout8_w0p5_a1_ms256_ner_e3	0.005	0.01	0.005000114440917969	0.015203274212982443	0.9774361561437228	0.9955167982006948	0.9593555140867507	0.021010803067406422
ptq_oa_w4a4_dualout8_w0p5_a2_ms256_ner_e3	0.005	0.02	0.005000114440917969	0.0266749467886821	0.9773851347253049	0.9954967166696789	0.9592735527809307	0.032608379732168735
ptq_oa_w4a4_dualout8_w0p5_a4_ms256_ner_e3	0.005	0.04	0.005000114440917969	0.048920152166265087	0.9772900006383671	0.995481655521417	0.9590983457553172	0.05536029074846098
ptq_oa_w4a4_dualout8_w0p5_a6_ms256_ner_e3	0.005	0.06	0.005000114440917969	0.06603737019262725	0.9773087332332602	0.995486675904171	0.9591307905623494	0.07280241152570754
ptq_oa_w4a4_dualout8_w1_a0p5_ms256_ner_e3	0.01	0.005	0.010000069936116537	0.007814300927488258	0.977497658620889	0.9955519408799727	0.9594433763618053	0.018506263524334595
ptq_oa_w4a4_dualout8_w1_a1_ms256_ner_e3	0.01	0.01	0.010000069936116537	0.013458258600392856	0.9781336146895745	0.9956523485350524	0.9606148808440967	0.02414585916623828
ptq_oa_w4a4_dualout8_w1_a2_ms256_ner_e3	0.01	0.02	0.010000069936116537	0.025581098301258057	0.9772601140146244	0.995476635138663	0.9590435928905859	0.036253366759083756
ptq_oa_w4a4_dualout8_w1_a4_ms256_ner_e3	0.01	0.04	0.010000069936116537	0.043004188061880846	0.9780533705277672	0.9956372873867904	0.960469453668744	0.05462878694506347
ptq_oa_w4a4_dualout8_w1_a6_ms256_ner_e3	0.01	0.06	0.010000069936116537	0.06360347476902056	0.9778117277309779	0.9955870835592505	0.9600363719027052	0.0758561710419075
ptq_oa_w4a4_dualout8_w2_a0p5_ms256_ner_e3	0.02	0.005	0.020000139872233074	0.006576868557698423	0.9777794366819043	0.9955770427937426	0.9599818305700659	0.027225871594653367
ptq_oa_w4a4_dualout8_w2_a1_ms256_ner_e3	0.02	0.01	0.020000139872233074	0.013224903631203624	0.9778596305359433	0.9955921039420046	0.960127157129882	0.03411139257975924
ptq_oa_w4a4_dualout8_w2_a2_ms256_ner_e3	0.02	0.02	0.020000139872233074	0.02538988240171764	0.9776524127040002	0.9955519408799727	0.9597528845280276	0.04658022807283349
ptq_oa_w4a4_dualout8_w2_a4_ms256_ner_e3	0.02	0.04	0.020000139872233074	0.04702123425265105	0.9778596305359433	0.9955921039420046	0.960127157129882	0.0687498760083031
ptq_oa_w4a4_dualout8_w2_a6_ms256_ner_e3	0.02	0.06	0.020000139872233074	0.0593207641755181	0.9779965339518402	0.9956222262385285	0.9603708416651517	0.08159680963761907
ptq_oa_w4a4_dualout8_w4_a0p5_ms256_ner_e3	0.04	0.005	0.039999961853027344	0.00810609194055404	0.9786282419095967	0.995747735807378	0.9615087480118155	0.049025537421389764
ptq_oa_w4a4_dualout8_w4_a1_ms256_ner_e3	0.04	0.01	0.039999961853027344	0.013207647178812254	0.9785654961499196	0.99573769504187	0.9613932972579692	0.054249421472472845
ptq_oa_w4a4_dualout8_w4_a2_ms256_ner_e3	0.04	0.02	0.039999961853027344	0.021380232395462426	0.9782945294646617	0.9956774504488222	0.9609116084805012	0.06294830830114327
ptq_oa_w4a4_dualout8_w4_a4_ms256_ner_e3	0.04	0.04	0.039999961853027344	0.04462752204124527	0.9781829883426187	0.9956573689178063	0.9607086077674313	0.08678693308041732
ptq_oa_w4a4_dualout8_w4_a6_ms256_ner_e3	0.04	0.06	0.039999961853027344	0.06421529420310719	0.9786873659116415	0.9957627969556399	0.9616119348676431	0.10810903711245698
