task,layer,major,baseline_run,baseline_major,peak_layer,peak_major
ner,0,0.90878071,formal_e3_ms256_tner,0.97869614,16,0.96353620
ner,1,0.92290265,formal_e3_ms256_tner,0.97869614,16,0.96353620
ner,2,0.92699197,formal_e3_ms256_tner,0.97869614,16,0.96353620
ner,3,0.93115265,formal_e3_ms256_tner,0.97869614,16,0.96353620
ner,4,0.93458764,formal_e3_ms256_tner,0.97869614,16,0.96353620
ner,5,0.93980737,formal_e3_ms256_tner,0.97869614,16,0.96353620
ner,6,0.94624577,formal_e3_ms256_tner,0.97869614,16,0.96353620
ner,7,0.95192363,formal_e3_ms256_tner,0.97869614,16,0.96353620
ner,8,0.95239446,formal_e3_ms256_tner,0.97869614,16,0.96353620
ner,9,0.95298488,formal_e3_ms256_tner,0.97869614,16,0.96353620
ner,10,0.95384821,formal_e3_ms256_tner,0.97869614,16,0.96353620
ner,11,0.95867913,formal_e3_ms256_tner,0.97869614,16,0.96353620
ner,12,0.95736061,formal_e3_ms256_tner,0.97869614,16,0.96353620
ner,13,0.95927076,formal_e3_ms256_tner,0.97869614,16,0.96353620
ner,14,0.96022024,formal_e3_ms256_tner,0.97869614,16,0.96353620
ner,15,0.96122009,formal_e3_ms256_tner,0.97869614,16,0.96353620
ner,16,0.96353620,formal_e3_ms256_tner,0.97869614,16,0.96353620
ner,17,0.96137365,formal_e3_ms256_tner,0.97869614,16,0.96353620
ner,18,0.96138491,formal_e3_ms256_tner,0.97869614,16,0.96353620
ner,19,0.96183413,formal_e3_ms256_tner,0.97869614,16,0.96353620
ner,20,0.96175760,formal_e3_ms256_tner,0.97869614,16,0.96353620
ner,21,0.95800095,formal_e3_ms256_tner,0.97869614,16,0.96353620
ner,22,0.95553933,formal_e3_ms256_tner,0.97869614,16,0.96353620
ner,23,0.95115276,formal_e3_ms256_tner,0.97869614,16,0.96353620
ner,24,0.93438398,formal_e3_ms256_tner,0.97869614,16,0.96353620
dep,0,0.84694862,formal_e3_ms256_retry1,0.97829026,13,0.94301368
dep,1,0.87398855,formal_e3_ms256_retry1,0.97829026,13,0.94301368
dep,2,0.88085309,formal_e3_ms256_retry1,0.97829026,13,0.94301368
dep,3,0.88364192,formal_e3_ms256_retry1,0.97829026,13,0.94301368
dep,4,0.89638168,formal_e3_ms256_retry1,0.97829026,13,0.94301368
dep,5,0.90407800,formal_e3_ms256_retry1,0.97829026,13,0.94301368
dep,6,0.90626513,formal_e3_ms256_retry1,0.97829026,13,0.94301368
dep,7,0.90876967,formal_e3_ms256_retry1,0.97829026,13,0.94301368
dep,8,0.90749995,formal_e3_ms256_retry1,0.97829026,13,0.94301368
dep,9,0.91088693,formal_e3_ms256_retry1,0.97829026,13,0.94301368
dep,10,0.91962213,formal_e3_ms256_retry1,0.97829026,13,0.94301368
dep,11,0.93240864,formal_e3_ms256_retry1,0.97829026,13,0.94301368
dep,12,0.93402529,formal_e3_ms256_retry1,0.97829026,13,0.94301368
dep,13,0.94301368,formal_e3_ms256_retry1,0.97829026,13,0.94301368
dep,14,0.94084649,formal_e3_ms256_retry1,0.97829026,13,0.94301368
dep,15,0.94101557,formal_e3_ms256_retry1,0.97829026,13,0.94301368
dep,16,0.93944638,formal_e3_ms256_retry1,0.97829026,13,0.94301368
dep,17,0.93176469,formal_e3_ms256_retry1,0.97829026,13,0.94301368
dep,18,0.92239662,formal_e3_ms256_retry1,0.97829026,13,0.94301368
dep,19,0.91600424,formal_e3_ms256_retry1,0.97829026,13,0.94301368
dep,20,0.90996899,formal_e3_ms256_retry1,0.97829026,13,0.94301368
dep,21,0.88275116,formal_e3_ms256_retry1,0.97829026,13,0.94301368
dep,22,0.85628219,formal_e3_ms256_retry1,0.97829026,13,0.94301368
dep,23,0.84276233,formal_e3_ms256_retry1,0.97829026,13,0.94301368
dep,24,0.80795586,formal_e3_ms256_retry1,0.97829026,13,0.94301368
semeval,0,0.56432462,formal_e10_ms256,0.88360026,16,0.81110827
semeval,1,0.63385923,formal_e10_ms256,0.88360026,16,0.81110827
semeval,2,0.65193288,formal_e10_ms256,0.88360026,16,0.81110827
semeval,3,0.64427688,formal_e10_ms256,0.88360026,16,0.81110827
semeval,4,0.66276889,formal_e10_ms256,0.88360026,16,0.81110827
semeval,5,0.67086143,formal_e10_ms256,0.88360026,16,0.81110827
semeval,6,0.68479707,formal_e10_ms256,0.88360026,16,0.81110827
semeval,7,0.71008457,formal_e10_ms256,0.88360026,16,0.81110827
semeval,8,0.72675458,formal_e10_ms256,0.88360026,16,0.81110827
semeval,9,0.73530005,formal_e10_ms256,0.88360026,16,0.81110827
semeval,10,0.74442275,formal_e10_ms256,0.88360026,16,0.81110827
semeval,11,0.76176055,formal_e10_ms256,0.88360026,16,0.81110827
semeval,12,0.76682614,formal_e10_ms256,0.88360026,16,0.81110827
semeval,13,0.77512256,formal_e10_ms256,0.88360026,16,0.81110827
semeval,14,0.77591589,formal_e10_ms256,0.88360026,16,0.81110827
semeval,15,0.78248560,formal_e10_ms256,0.88360026,16,0.81110827
semeval,16,0.81110827,formal_e10_ms256,0.88360026,16,0.81110827
semeval,17,0.80494804,formal_e10_ms256,0.88360026,16,0.81110827
semeval,18,0.80096248,formal_e10_ms256,0.88360026,16,0.81110827
semeval,19,0.79929543,formal_e10_ms256,0.88360026,16,0.81110827
semeval,20,0.80037085,formal_e10_ms256,0.88360026,16,0.81110827
semeval,21,0.78586041,formal_e10_ms256,0.88360026,16,0.81110827
semeval,22,0.76747120,formal_e10_ms256,0.88360026,16,0.81110827
semeval,23,0.74930781,formal_e10_ms256,0.88360026,16,0.81110827
semeval,24,0.61158270,formal_e10_ms256,0.88360026,16,0.81110827
